USE xtremo;

INSERT INTO tipo_plataforma (id_tipo_plataforma, tipo) VALUES
(1, 'Streaming de Áudio'),
(2, 'Plataforma de Vídeo'),
(3, 'Rede Social'),
(4, 'Podcast Hosting');


INSERT INTO tipo_anuncio (id_tipo_anuncio, nome, descricao, duracao_segundos, preco_base) VALUES
(1, 'Pre-Roll', 'Anúncio exibido antes do conteúdo principal', 30, 150.00),
(2, 'Mid-Roll', 'Anúncio inserido no meio do episódio', 45, 200.00),
(3, 'Post-Roll', 'Anúncio exibido após o conteúdo principal', 20, 100.00),
(4, 'Banner Dinâmico', 'Anúncio em banner que muda durante o episódio', 0, 75.00);


INSERT INTO topico (id_topico, nome, descricao, trending) VALUES
(1, 'Tecnologia', 'Discussões sobre inovações tecnológicas', 1),
(2, 'Negócios', 'Estratégias empresariais e empreendedorismo', 1),
(3, 'Saúde Mental', 'Bem-estar psicológico e desenvolvimento pessoal', 1),
(4, 'Inteligência Artificial', 'IA, Machine Learning e automação', 1),
(5, 'Sustentabilidade', 'Meio ambiente e práticas sustentáveis', 0),
(6, 'Educação', 'Métodos de ensino e aprendizagem', 0),
(7, 'Cultura Pop', 'Entretenimento, filmes, séries e música', 1),
(8, 'Esportes', 'Modalidades esportivas e performance', 0),
(9, 'Culinária', 'Gastronomia e técnicas culinárias', 0),
(10, 'Filosofia', 'Reflexões filosóficas e existenciais', 0),
(11, 'Arte Digital', 'Criação artística com tecnologia', 0),
(12, 'Astronomia', 'Exploração espacial e cosmos', 0);


INSERT INTO host (id_host, nome, biografia, especialidade, twitter, instagram, linkedin, cache_por_episodio, host_principal) VALUES
(1, 'Carlos Silva', 'Jornalista especializado em tecnologia com 15 anos de experiência', 'Tecnologia', '@carlostech', '@carlos_silva_tech', 'carlos-silva-tech', 800.00, 1),
(2, 'Ana Rodrigues', 'Empreendedora e consultora de negócios digitais', 'Negócios', '@anarodrigues', '@ana_negocios', 'ana-rodrigues-biz', 750.00, 1),
(3, 'Dr. Pedro Santos', 'Psicólogo clínico e pesquisador em saúde mental', 'Psicologia', '@drpedro', '@dr_pedro_mental', 'pedro-santos-psi', 900.00, 1),
(4, 'Marina Costa', 'Designer UX/UI e entusiasta de inovação', 'Design', '@marinaux', '@marina_design', 'marina-costa-ux', 600.00, 0),
(5, 'Felipe Martins', 'Desenvolvedor fullstack e tech lead', 'Programação', '@felipedev', '@felipe_codes', 'felipe-martins-dev', 650.00, 0),
(6, 'Júlia Ferreira', 'Especialista em marketing digital e growth', 'Marketing', '@juliamarketing', '@julia_growth', 'julia-ferreira-mkt', 700.00, 0),
(7, 'Roberto Lima', 'Coach executivo e palestrante motivacional', 'Liderança', '@robertolima', '@roberto_coach', 'roberto-lima-exec', 850.00, 1),
(8, 'Camila Souza', 'Jornalista esportiva e comentarista', 'Esportes', '@camilaesportes', '@camila_sports', 'camila-souza-sports', 500.00, 0),
(9, 'Lucas Oliveira', 'Chef e consultor gastronômico', 'Culinária', '@lucaschef', '@lucas_gastronomia', 'lucas-oliveira-chef', 400.00, 0),
(10, 'Beatriz Alves', 'Produtora musical e sound designer', 'Áudio', '@beatrizaudio', '@bia_sound', 'beatriz-alves-audio', 550.00, 0);


INSERT INTO anunciante (id_anunciante, nome_empresa, segmento_mercado, contato_comercial, email, orcamento_mensal, ativo) VALUES
(1, 'TechNova Solutions', 'Tecnologia', 'Sandra Oliveira', 'comercial@technova.com.br', 15000.00, 1),
(2, 'EcoVerde Sustentável', 'Sustentabilidade', 'Miguel Castro', 'vendas@ecoverde.com.br', 8000.00, 1),
(3, 'FitLife Academia', 'Fitness', 'Carla Mendes', 'marketing@fitlife.com.br', 5000.00, 1),
(4, 'ByteCode Educação', 'Educação Online', 'Rafael Nunes', 'parceiros@bytecode.edu.br', 12000.00, 1),
(5, 'FinanceMax Consultoria', 'Finanças', 'Patricia Rocha', 'comercial@financemax.com.br', 10000.00, 1),
(6, 'ArtStudio Creative', 'Design', 'Bruno Lemos', 'contato@artstudio.com.br', 3000.00, 1),
(7, 'GreenFood Orgânicos', 'Alimentação', 'Mariana Silva', 'vendas@greenfood.com.br', 4000.00, 1);


INSERT INTO anuncio (id_anuncio, id_anunciante, id_tipo_anuncio, script_leitura, url_banner, call_to_action, codigo_desconto, valor_por_mencao, ativo) VALUES
(1, 1, 1, 'Transforme sua empresa com as soluções inovadoras da TechNova. Cloud computing, IA e automação.', 'https://technova.com.br/banner1.jpg', 'Agende uma demo gratuita!', 'PODCAST20', 180.00, 1),
(2, 1, 2, 'A TechNova está revolucionando o mercado tech brasileiro. Conheça nossos casos de sucesso.', 'https://technova.com.br/banner2.jpg', 'Baixe nosso e-book gratuito', 'TECH15', 220.00, 1),
(3, 1, 1, 'Segurança digital é com a TechNova. Proteja seus dados com nossa infraestrutura premium.', 'https://technova.com.br/banner3.jpg', 'Consultoria gratuita disponível', 'SECURE10', 190.00, 1),
(4, 1, 3, 'TechNova: onde a inovação encontra a realidade. Mais de 500 empresas já confiam em nós.', 'https://technova.com.br/banner4.jpg', 'Solicite um orçamento', 'INOVA25', 150.00, 1),
(5, 1, 2, 'Migração para a nuvem sem dor de cabeça? É possível com a TechNova Solutions.', 'https://technova.com.br/banner5.jpg', 'Migração gratuita por tempo limitado', 'CLOUD30', 240.00, 1),
(6, 1, 1, 'IA generativa para o seu negócio. TechNova traz o futuro para o presente.', 'https://technova.com.br/banner6.jpg', 'Demo da IA em 15 minutos', 'AIGPT20', 200.00, 1),
(7, 2, 1, 'EcoVerde: sustentabilidade que gera resultados. Soluções verdes para empresas conscientes.', 'https://ecoverde.com.br/banner1.jpg', 'Avaliação sustentável gratuita', 'ECO15', 120.00, 1),
(8, 2, 2, 'Reduza custos e preserve o planeta. EcoVerde mostra como ser sustentável e lucrativo.', 'https://ecoverde.com.br/banner2.jpg', 'Calculadora de economia verde', 'VERDE20', 140.00, 1),
(9, 2, 3, 'Certificações ambientais com a EcoVerde. Demonstre o compromisso da sua empresa.', 'https://ecoverde.com.br/banner3.jpg', 'Consultoria em certificações', 'CERT10', 110.00, 1),
(10, 3, 1, 'FitLife Academia: onde seus objetivos se tornam realidade. Equipamentos de última geração.', 'https://fitlife.com.br/banner1.jpg', 'Primeira semana grátis', 'FIT7DIAS', 80.00, 1),
(11, 3, 2, 'Personal trainer, nutricionista e fisioterapeuta. FitLife cuida da sua saúde completa.', 'https://fitlife.com.br/banner2.jpg', 'Avaliação física gratuita', 'HEALTH50', 95.00, 1),
(12, 3, 1, 'Modalidades para todos os gostos na FitLife. Musculação, crossfit, pilates e muito mais.', 'https://fitlife.com.br/banner3.jpg', 'Aula experimental grátis', 'AULA1', 85.00, 1),
(13, 4, 2, 'ByteCode Educação: programação do básico ao avançado. Metodologia prática e eficiente.', 'https://bytecode.edu.br/banner1.jpg', 'Primeira aula gratuita', 'CODE100', 160.00, 1),
(14, 4, 1, 'Aprenda as linguagens mais demandadas do mercado. Python, JavaScript, React e mais.', 'https://bytecode.edu.br/banner2.jpg', 'Curso completo com desconto', 'LEARN30', 170.00, 1),
(15, 4, 3, 'Do zero ao primeiro emprego tech. ByteCode tem 90% de empregabilidade dos alunos.', 'https://bytecode.edu.br/banner3.jpg', 'Garantia de emprego ou dinheiro de volta', 'EMPREGO90', 180.00, 1),
(16, 5, 1, 'FinanceMax: consultoria financeira que transforma empresas. Aumento médio de 40% no lucro.', 'https://financemax.com.br/banner1.jpg', 'Análise financeira gratuita', 'FINANCE40', 130.00, 1),
(17, 5, 2, 'Planejamento estratégico e gestão de custos. FinanceMax otimiza seus recursos.', 'https://financemax.com.br/banner2.jpg', 'Consultoria estratégica premium', 'PLANO25', 155.00, 1),
(18, 5, 1, 'Recuperação de crédito e renegociação de dívidas. FinanceMax resolve seus problemas.', 'https://financemax.com.br/banner3.jpg', 'Primeira consulta sem custo', 'RECUPERA', 140.00, 1),
(19, 5, 3, 'Educação financeira corporativa. Treine sua equipe com os especialistas da FinanceMax.', 'https://financemax.com.br/banner4.jpg', 'Workshop gratuito para sua empresa', 'EDUFIN', 125.00, 1),
(20, 4, 2, 'ByteCode oferece bootcamp intensivo de 6 meses. Torne-se um desenvolvedor completo.', 'https://bytecode.edu.br/banner4.jpg', 'Inscrições abertas por tempo limitado', 'BOOTCAMP', 200.00, 1);


INSERT INTO podcast (id_podcast, nome, descricao, categoria, idioma, explicito, data_criacao, ativo, website, email_contato, logo_url) VALUES
(1, 'TechTalks Brasil', 'O melhor da tecnologia nacional e internacional com entrevistas exclusivas', 'Tecnologia', 'Português', 0, '2023-01-15', 1, 'https://techtalks.com.br', 'contato@techtalks.com.br', 'https://techtalks.com.br/logo.png'),
(2, 'Negócios em Foco', 'Estratégias e cases de sucesso no mundo dos negócios', 'Negócios', 'Português', 0, '2023-02-20', 1, 'https://negociosemfoco.com.br', 'contato@negociosemfoco.com.br', 'https://negociosemfoco.com.br/logo.png'),
(3, 'Mente Sana', 'Saúde mental, bem-estar e desenvolvimento pessoal', 'Saúde', 'Português', 0, '2023-03-10', 1, 'https://mentesana.com.br', 'contato@mentesana.com.br', 'https://mentesana.com.br/logo.png'),
(4, 'Design & Inovação', 'O universo do design, UX/UI e inovação tecnológica', 'Design', 'Português', 0, '2023-04-05', 1, 'https://designinovacao.com.br', 'contato@designinovacao.com.br', 'https://designinovacao.com.br/logo.png'),
(5, 'Code & Coffee', 'Programação descomplicada com uma pitada de cafeína', 'Tecnologia', 'Português', 0, '2023-05-12', 1, 'https://codecoffee.com.br', 'contato@codecoffee.com.br', 'https://codecoffee.com.br/logo.png'),
(6, 'Papo Esportivo', 'Análises, entrevistas e debates sobre o mundo dos esportes', 'Esportes', 'Português', 0, '2023-06-18', 1, 'https://papoesportivo.com.br', 'contato@papoesportivo.com.br', 'https://papoesportivo.com.br/logo.png'),
(7, 'Filosofia Aplicada', 'Reflexões filosóficas aplicadas ao cotidiano moderno', 'Filosofia', 'Português', 0, '2024-01-20', 1, 'https://filosofiaaplicada.com.br', 'contato@filosofiaaplicada.com.br', 'https://filosofiaaplicada.com.br/logo.png'),
(8, 'Arte & Tecnologia', 'A convergência entre criatividade artística e inovação digital', 'Arte', 'Português', 0, '2024-02-15', 1, 'https://artetecnologia.com.br', 'contato@artetecnologia.com.br', 'https://artetecnologia.com.br/logo.png'),
(9, 'Receitas de Família', 'Os segredos da culinária caseira e pratos tradicionais brasileiros', 'Culinária', 'Português', 0, '2024-03-01', 1, 'https://receitasfamilia.com.br', 'contato@receitasfamilia.com.br', 'https://receitasfamilia.com.br/logo.png'),
(10, 'Linhas do Tempo', 'Grandes momentos e personagens que moldaram a história mundial', 'História', 'Português', 0, '2024-03-25', 1, 'https://linhasdotempo.com.br', 'contato@linhasdotempo.com.br', 'https://linhasdotempo.com.br/logo.png'),
(11, 'Mochila na Mão', 'Dicas de destinos, roteiros e histórias de viajantes ao redor do mundo', 'Viagens', 'Português', 0, '2024-04-10', 1, 'https://mochilanamao.com.br', 'contato@mochilanamao.com.br', 'https://mochilanamao.com.br/logo.png');

INSERT INTO podcast_host (id_podcast_host, id_podcast, id_host, data_inicio, data_fim, papel) VALUES
(1, 1, 1, '2023-01-15', NULL, 'Host Principal'),
(2, 1, 5, '2023-01-15', NULL, 'Co-host Técnico'),
(3, 2, 2, '2023-02-20', NULL, 'Host Principal'),
(4, 2, 5, '2023-06-01', NULL, 'Co-host Executivo'),
(5, 3, 3, '2023-03-10', NULL, 'Host Principal'),
(6, 4, 1, '2023-04-05', NULL, 'Host Principal'),
(7, 4, 1, '2023-04-05', NULL, 'Co-host Tecnologia'),
(8, 4, 6, '2023-08-01', NULL, 'Co-host Marketing'),
(9, 5, 5, '2023-05-12', NULL, 'Host Principal'),
(10, 5, 1, '2023-05-12', NULL, 'Co-host Senior'),
(11, 6, 10, '2023-06-18', NULL, 'Host Principal'),
(12, 6, 9, '2024-01-10', NULL, 'Co-host Nutrição Esportiva'),
(13, 6, 9, '2024-03-01', NULL, 'Co-host Produção'),
(14, 9, 8, '2025-05-01', NULL, 'Co-host Produção'),
(15, 11, 8, '2025-05-02', NULL, 'Co-host Produção');


INSERT INTO plataforma_distribuicao (id_plataforma, nome, taxa_plataforma, limite_ouvintes, permite_monetizacao, api_key, ativa, id_tipo_plataforma) VALUES
(1, 'Spotify', 2.50, 10000, 1, 'sp_1234567890abcdef', 1, 1),
(2, 'YouTube', 3.00, 50000, 1, 'yt_abcdef1234567890', 1, 2),
(3, 'Apple Podcasts', 2.00, 8000, 1, 'ap_1122334455667788', 1, 1),
(4, 'Google Podcasts', 1.50, 12000, 1, 'gp_aabbccddeeff1122', 1, 1),
(5, 'Anchor FM', 1.00, 5000, 1, 'an_9988776655443322', 1, 4),
(6, 'Instagram Live', 4.00, 3000, 1, 'ig_5544332211009988', 1, 3);


INSERT INTO convidado (id_convidado, nome, profissao, empresa, biografia, contato_email, redes_sociais, cache, blocklisted) VALUES
(1, 'Dr. Alex Chen', 'Cientista de Dados', 'Google Brasil', 'PhD em Machine Learning pela USP, especialista em IA aplicada', 'alex.chen@gmail.com', '{"twitter": "@alexchen_ai", "linkedin": "alex-chen-data"}', 1500.00, 0),
(2, 'Marina Kobayashi', 'CEO', 'StartupBR', 'Empreendedora serial, fundou 3 startups unicórnio', 'marina@startupbr.com', '{"twitter": "@marinakobayashi", "instagram": "@marina_startups"}', 2000.00, 0),
(3, 'Prof. João Menezes', 'Professor', 'MIT', 'Especialista em blockchain e criptomoedas', 'joao.menezes@mit.edu', '{"linkedin": "joao-menezes-mit", "twitter": "@profmenezes"}', 1800.00, 0),
(4, 'Carla Zimmermann', 'Psicóloga Clínica', 'Clínica Bem-Estar', 'Especialista em burnout e ansiedade corporativa', 'carla@bemestar.com.br', '{"instagram": "@dra_carla_psi", "linkedin": "carla-zimmermann"}', 800.00, 0),
(5, 'Ricardo Yamamoto', 'CTO', 'Nubank', '15 anos de experiência em fintech e pagamentos digitais', 'ricardo.yamamoto@nu.com', '{"twitter": "@rickyyamamoto", "linkedin": "ricardo-yamamoto"}', 2500.00, 0),
(6, 'Fernanda Santos', 'Designer Principal', 'Uber', 'Líder de UX/UI em produtos globais', 'fernanda.santos@uber.com', '{"dribbble": "fernandasantos", "behance": "fernanda_design"}', 1200.00, 0),
(7, 'Carlos Mendoza', 'Investidor Anjo', 'Redpoint Ventures', 'Investiu em mais de 100 startups brasileiras', 'carlos@redpoint.com', '{"twitter": "@carlosmendoza_vc", "linkedin": "carlos-mendoza-vc"}', 3000.00, 0),
(8, 'Dra. Patricia Lopes', 'Neurocientista', 'Hospital Albert Einstein', 'Pesquisadora em neuroplasticidade e aprendizado', 'patricia.lopes@einstein.br', '{"linkedin": "patricia-lopes-neuro"}', 1000.00, 0),
(9, 'Miguel Rodriguez', 'Product Manager', 'Meta', 'Especialista em produtos de realidade virtual', 'miguel.rodriguez@meta.com', '{"twitter": "@miguelrodriguez_pm"}', 1400.00, 0),
(10, 'Ana Carolina Silva', 'Sustainability Manager', 'Natura', 'Líder em sustentabilidade corporativa na América Latina', 'ana.silva@natura.com', '{"linkedin": "ana-carolina-sustainability"}', 900.00, 0),
(11, 'Felipe Augusto', 'Tech Lead', 'iFood', 'Arquiteto de software em sistemas distribuídos', 'felipe.augusto@ifood.com.br', '{"github": "felipeaugusto", "twitter": "@felipe_tech"}', 1100.00, 0),
(12, 'Roberta Kim', 'Marketing Director', 'Coca-Cola Brasil', 'Especialista em marketing digital e brand management', 'roberta.kim@cocacola.com', '{"linkedin": "roberta-kim-marketing"}', 1300.00, 0),
(13, 'Dr. Eduardo Pereira', 'Cardiologista', 'InCor', 'Pioneiro em cirurgias cardíacas minimamente invasivas', 'eduardo.pereira@incor.usp.br', '{"linkedin": "eduardo-pereira-cardio"}', 1600.00, 0),
(14, 'Juliana Moraes', 'Head of Growth', 'Stone Pagamentos', 'Especialista em crescimento e métricas de negócio', 'juliana.moraes@stone.com.br', '{"twitter": "@ju_growth", "linkedin": "juliana-moraes-growth"}', 1250.00, 0),
(15, 'Bruno Oliveira', 'Game Designer', 'Ubisoft', 'Designer de jogos AAA com foco em narrativa', 'bruno.oliveira@ubisoft.com', '{"twitter": "@bruno_gamedev"}', 700.00, 0),
(16, 'Mariana Costa', 'Venture Capitalist', 'Monashees Capital', 'Partner focada em investimentos early-stage', 'mariana.costa@monashees.com.br', '{"linkedin": "mariana-costa-vc"}', 2200.00, 0),
(17, 'Dr. Roberto Silva', 'Biotecnólogo', 'Instituto Butantan', 'Pesquisador em desenvolvimento de vacinas', 'roberto.silva@butantan.gov.br', '{"linkedin": "roberto-silva-biotech"}', 1100.00, 0),
(18, 'Camila Fernandes', 'Content Creator', 'YouTube', '5M+ subscribers, especialista em educação digital', 'camila@camilafernandes.com.br', '{"youtube": "camilafernandes", "instagram": "@camila_educa"}', 800.00, 0),
(19, 'André Luccas', 'Blockchain Developer', 'Ethereum Foundation', 'Core developer da rede Ethereum', 'andre.luccas@ethereum.org', '{"github": "andreluccas", "twitter": "@andre_ethereum"}', 2000.00, 0),
(20, 'Sofia Almeida', 'UX Researcher', 'Airbnb', 'Especialista em pesquisa de usuário e comportamento', 'sofia.almeida@airbnb.com', '{"linkedin": "sofia-almeida-ux"}', 1350.00, 0),
(21, 'Dr. Henrique Brum', 'Oncologista', 'AC Camargo', 'Especialista em imunoterapia contra câncer', 'henrique.brum@accamargo.org.br', '{"linkedin": "henrique-brum-onco"}', 1700.00, 0),
(22, 'Tatiana Ramos', 'AI Ethics Researcher', 'IBM Research', 'Pesquisadora em ética de inteligência artificial', 'tatiana.ramos@ibm.com', '{"twitter": "@tatiana_aiethics"}', 1400.00, 0),
(23, 'Lucas Mendonça', 'DevOps Engineer', 'Netflix', 'Especialista em infraestrutura cloud e automação', 'lucas.mendonca@netflix.com', '{"github": "lucasmendonca", "linkedin": "lucas-mendonca-devops"}', 1200.00, 0),
(24, 'Priscila Neves', 'Data Scientist', 'Banco do Brasil', 'PhD em Estatística, especialista em análise preditiva', 'priscila.neves@bb.com.br', '{"linkedin": "priscila-neves-data"}', 1300.00, 0),
(25, 'Gabriel Torrente', 'Mobile Developer', 'WhatsApp', 'Tech lead do time de performance mobile', 'gabriel.torrente@whatsapp.com', '{"github": "gabrieltorrente"}', 1150.00, 0),
(26, 'Dr. Amanda Reis', 'Psiquiatra', 'Hospital das Clínicas', 'Especialista em transtornos de ansiedade', 'amanda.reis@hc.fm.usp.br', '{"linkedin": "amanda-reis-psiquiatria"}', 950.00, 0),
(27, 'Rodrigo Fonseca', 'Security Engineer', 'Kaspersky', 'Especialista em cybersecurity e ethical hacking', 'rodrigo.fonseca@kaspersky.com', '{"twitter": "@rodrigo_security"}', 1400.00, 0),
(28, 'Isabella Santos', 'Product Designer', 'Figma', 'Líder de design de ferramentas colaborativas', 'isabella.santos@figma.com', '{"dribbble": "isabellasantos", "twitter": "@isa_design"}', 1300.00, 0),
(29, 'Márcio Andrade', 'Quantum Computing Researcher', 'IBM Quantum', 'Pesquisador em algoritmos quânticos', 'marcio.andrade@ibm.com', '{"linkedin": "marcio-andrade-quantum"}', 2500.00, 0),
(30, 'Renata Vieira', 'Sustainability Consultant', 'BCG', 'Consultora em transição energética e ESG', 'renata.vieira@bcg.com', '{"linkedin": "renata-vieira-sustainability"}', 1800.00, 0),
(31, 'Dr. Paulo Henrique', 'Infectologista', 'Emílio Ribas', 'Especialista em doenças tropicais e epidemiologia', 'paulo.henrique@emilioribas.sp.gov.br', '{"linkedin": "paulo-henrique-infectologia"}', 1100.00, 0),
(32, 'Lívia Monteiro', 'Fintech Executive', 'PicPay', 'VP de Produto em soluções de pagamento', 'livia.monteiro@picpay.com', '{"linkedin": "livia-monteiro-fintech"}', 1600.00, 0),
(33, 'Thiago Barbosa', 'Machine Learning Engineer', 'Spotify', 'Especialista em sistemas de recomendação', 'thiago.barbosa@spotify.com', '{"github": "thiagobarbosa", "twitter": "@thiago_ml"}', 1500.00, 0),
(34, 'Daniela Castro', 'Legal Tech Lawyer', 'Mattos Filho', 'Advogada especialista em direito digital', 'daniela.castro@mattosfilho.com.br', '{"linkedin": "daniela-castro-legaltech"}', 1000.00, 0),
(35, 'Fernando Aguiar', 'Cloud Architect', 'AWS', 'Arquiteto de soluções cloud para enterprise', 'fernando.aguiar@aws.com', '{"linkedin": "fernando-aguiar-cloud"}', 1700.00, 0),
(36, 'Dr. Carla Regina', 'Geneticista', 'Instituto Pasteur', 'Pesquisadora em terapia gênica e CRISPR', 'carla.regina@pasteur.br', '{"linkedin": "carla-regina-genetica"}', 1900.00, 0),
(37, 'Vinícius Prado', 'Crypto Trader', 'Mercado Bitcoin', 'Analista quantitativo e trader profissional', 'vinicius.prado@mercadobitcoin.com.br', '{"twitter": "@vinicius_crypto"}', 800.00, 0),
(38, 'Carolina Ribeiro', 'Agile Coach', 'Thoughtworks', 'Especialista em transformação digital ágil', 'carolina.ribeiro@thoughtworks.com', '{"linkedin": "carolina-ribeiro-agile"}', 1200.00, 0),
(39, 'Dr. Alexandre Lima', 'Neurocirurgião', 'Hospital Sírio-Libanês', 'Especialista em cirurgias cerebrais de alta complexidade', 'alexandre.lima@hsl.org.br', '{"linkedin": "alexandre-lima-neuro"}', 2000.00, 0),
(40, 'Beatriz Faria', 'EdTech Entrepreneur', 'Descomplica', 'Co-fundadora e CPO da maior plataforma educacional online', 'beatriz.faria@descomplica.com.br', '{"linkedin": "beatriz-faria-edtech"}', 1500.00, 0),
(41, 'Marcelo Tavares', 'Sommelier', 'Instituto do Vinho', 'Especialista em enologia e harmonização', 'marcelo@institutovinho.com.br', '{"instagram": "@marcelo_sommelier"}', 600.00, 0),
(42, 'Letícia Gomes', 'Fashion Designer', 'São Paulo Fashion Week', 'Designer de moda sustentável', 'leticia@spfw.com.br', '{"instagram": "@leticia_sustainable"}', 500.00, 0),
(43, 'Dr. Sérgio Martins', 'Veterinário', 'Zoo de São Paulo', 'Especialista em animais selvagens', 'sergio@zoo.sp.gov.br', '{"linkedin": "sergio-martins-vet"}', 400.00, 0),
(44, 'Fábio Costa', 'Piloto Comercial', 'LATAM Airlines', 'Comandante com 20 anos de experiência', 'fabio.costa@latam.com', '{"linkedin": "fabio-costa-pilot"}', 700.00, 0),
(45, 'Patrícia Luz', 'Arquiteta', 'Studio PL', 'Especialista em arquitetura bioclimática', 'patricia@studiopl.com.br', '{"behance": "patricia_luz"}', 800.00, 0),
(46, 'Rafael Nunes', 'Personal Trainer', 'Academia Forma', 'Especialista em alto rendimento', 'rafael@forma.com.br', '{"instagram": "@rafael_trainer"}', 300.00, 0),
(47, 'Mônica Silva', 'Musicoterapeuta', 'Clínica Harmonia', 'Terapia através da música', 'monica@harmonia.com.br', '{"linkedin": "monica-silva-musicoterapia"}', 450.00, 0),
(48, 'Diego Fernandes', 'Barista', 'Coffee Lab', 'Especialista em cafés especiais', 'diego@coffeelab.com.br', '{"instagram": "@diego_barista"}', 250.00, 0),
(49, 'Silvia Rocha', 'Terapeuta Holística', 'Centro Zen', 'Especialista em meditação e mindfulness', 'silvia@zen.com.br', '{"instagram": "@silvia_zen"}', 350.00, 0),
(50, 'João Pedro', 'Influenciador Digital', 'YouTube Brasil', 'Creator focado em lifestyle', 'joao@jpcreator.com.br', '{"youtube": "joaopedrocreator"}', 600.00, 0);


INSERT INTO episodio (id_episodio, id_podcast, numero_episodio, titulo, descricao, data_gravacao, duracao_minutos, publico, temporada, thumbnail_url) VALUES
(1, 1, 1, 'O Futuro da Inteligência Artificial no Brasil', 'Discussão sobre os avanços da IA e seu impacto na sociedade brasileira', '2023-02-01 14:00:00', 85, 1, 1, 'https://techtalks.com.br/ep1.jpg'),
(2, 1, 2, 'Startups Unicórnio: Cases de Sucesso', 'Análise dos fatores que levaram startups brasileiras ao bilhão', '2023-02-15 15:30:00', 92, 1, 1, 'https://techtalks.com.br/ep2.jpg'),
(3, 1, 3, 'Blockchain além das Criptomoedas', 'Aplicações práticas da tecnologia blockchain na economia real', '2023-03-01 16:00:00', 78, 1, 1, 'https://techtalks.com.br/ep3.jpg'),
(4, 1, 4, 'Cibersegurança em Tempos de Home Office', 'Como proteger dados corporativos no trabalho remoto', '2023-03-15 14:30:00', 88, 1, 1, 'https://techtalks.com.br/ep4.jpg'),
(5, 1, 5, 'O Metaverso e o Futuro do Trabalho', 'Realidade virtual e aumentada transformando profissões', '2023-04-01 15:00:00', 95, 1, 1, 'https://techtalks.com.br/ep5.jpg'),
(6, 1, 6, 'Quantum Computing: A Próxima Revolução', 'Computação quântica e suas implicações tecnológicas', '2023-04-15 16:30:00', 102, 1, 1, 'https://techtalks.com.br/ep6.jpg'),
(7, 1, 7, 'FinTech: Democratizando Serviços Financeiros', 'Como a tecnologia está revolucionando o sistema financeiro', '2023-05-01 14:00:00', 87, 1, 1, 'https://techtalks.com.br/ep7.jpg'),
(8, 1, 8, 'Machine Learning na Prática', 'Casos reais de aplicação de aprendizado de máquina', '2023-05-15 15:30:00', 93, 1, 1, 'https://techtalks.com.br/ep8.jpg'),
(9, 1, 9, 'Ética em IA: Limites e Responsabilidades', 'Discussão sobre os aspectos éticos da inteligência artificial', '2023-06-01 16:00:00', 89, 1, 1, 'https://techtalks.com.br/ep9.jpg'),
(10, 2, 1, 'Transformação Digital nas Empresas', 'Como liderar mudanças tecnológicas organizacionais', '2023-03-05 10:00:00', 75, 1, 1, 'https://negociosemfoco.com.br/ep1.jpg'),
(11, 2, 2, 'Marketing Digital ROI Máximo', 'Estratégias para otimizar retorno em marketing digital', '2023-03-20 11:30:00', 68, 1, 1, 'https://negociosemfoco.com.br/ep2.jpg'),
(12, 2, 3, 'Liderança em Tempos de Crise', 'Técnicas de liderança para navegar incertezas', '2023-04-05 10:30:00', 82, 1, 1, 'https://negociosemfoco.com.br/ep3.jpg'),
(13, 2, 4, 'ESG: Sustentabilidade como Estratégia', 'Implementando práticas ESG no core business', '2023-04-20 09:00:00', 91, 1, 1, 'https://negociosemfoco.com.br/ep4.jpg'),
(14, 2, 5, 'Growth Hacking para PMEs', 'Técnicas de crescimento acelerado para pequenas empresas', '2023-05-05 11:00:00', 77, 1, 1, 'https://negociosemfoco.com.br/ep5.jpg'),
(15, 2, 6, 'Fusões e Aquisições no Brasil', 'Panorama do M&A brasileiro e oportunidades', '2023-05-20 10:00:00', 85, 1, 1, 'https://negociosemfoco.com.br/ep6.jpg'),
(16, 3, 1, 'Burnout: Prevenção e Tratamento', 'Como identificar e tratar o esgotamento profissional', '2023-03-25 09:00:00', 65, 1, 1, 'https://mentesana.com.br/ep1.jpg'),
(17, 3, 2, 'Ansiedade na Era Digital', 'O impacto das redes sociais na saúde mental', '2023-04-10 14:00:00', 58, 1, 1, 'https://mentesana.com.br/ep2.jpg'),
(18, 3, 3, 'Mindfulness no Ambiente Corporativo', 'Técnicas de atenção plena para o trabalho', '2023-04-25 15:30:00', 72, 1, 1, 'https://mentesana.com.br/ep3.jpg'),
(19, 3, 4, 'Relacionamentos Saudáveis', 'Construindo vínculos emocionais equilibrados', '2023-05-10 16:00:00', 67, 1, 1, 'https://mentesana.com.br/ep4.jpg'),
(20, 3, 5, 'Neuroplasticidade e Aprendizado', 'Como o cérebro se adapta e aprende coisas novas', '2023-05-25 14:30:00', 79, 1, 1, 'https://mentesana.com.br/ep5.jpg'),
(21, 4, 1, 'Design Thinking na Prática', 'Metodologia de design para solução de problemas', '2023-04-30 13:00:00', 71, 1, 1, 'https://designinovacao.com.br/ep1.jpg'),
(22, 4, 2, 'UX/UI: Tendências 2024', 'As principais tendências em experiência do usuário', '2023-05-15 14:00:00', 63, 1, 1, 'https://designinovacao.com.br/ep2.jpg'),
(23, 4, 3, 'Acessibilidade Digital', 'Desenvolvendo produtos inclusivos para todos', '2023-05-30 15:00:00', 69, 1, 1, 'https://designinovacao.com.br/ep3.jpg'),
(24, 4, 4, 'Design Systems Escaláveis', 'Criando sistemas de design que crescem com a empresa', '2023-06-15 16:00:00', 74, 1, 1, 'https://designinovacao.com.br/ep4.jpg'),
(25, 5, 1, 'Clean Code: Escrevendo Código Limpo', 'Princípios para um código mais legível e maintível', '2023-06-01 08:00:00', 56, 1, 1, 'https://codecoffee.com.br/ep1.jpg'),
(26, 5, 2, 'DevOps: Integrando Desenvolvimento e Operações', 'Práticas DevOps para maior eficiência', '2023-06-15 08:30:00', 61, 1, 1, 'https://codecoffee.com.br/ep2.jpg'),
(27, 5, 3, 'Arquitetura de Microsserviços', 'Quando e como implementar microsserviços', '2023-06-30 09:00:00', 68, 1, 1, 'https://codecoffee.com.br/ep3.jpg'),
(28, 6, 1, 'Nutrição Esportiva de Alto Rendimento', 'Alimentação estratégica para atletas profissionais', '2023-07-05 18:00:00', 52, 1, 1, 'https://papoesportivo.com.br/ep1.jpg'),
(29, 6, 2, 'Psicologia do Esporte', 'O papel da mente na performance atlética', '2023-07-20 19:00:00', 48, 1, 1, 'https://papoesportivo.com.br/ep2.jpg'),
(30, 6, 3, 'Tecnologia no Esporte Moderno', 'Como a tech está revolucionando o mundo esportivo', '2023-08-05 18:30:00', 55, 1, 1, 'https://papoesportivo.com.br/ep3.jpg');


INSERT INTO episodio_convidado (id_episodio_convidado, id_episodio, id_convidado, confirmado, presente, tempo_participacao_minutos, avaliacao_performance) VALUES
(1, 1, 1, 1, 1, 45, 'Excelente'),
(2, 3, 1, 1, 1, 38, 'Boa'),
(3, 6, 1, 1, 1, 52, 'Excelente'),
(4, 8, 1, 1, 1, 47, 'Excelente'),
(5, 9, 1, 1, 1, 41, 'Boa'),
(6, 22, 1, 1, 1, 35, 'Boa'),
(7, 2, 2, 1, 1, 55, 'Excelente'),
(8, 10, 2, 1, 1, 48, 'Excelente'),
(9, 13, 2, 1, 1, 52, 'Excelente'),
(10, 14, 2, 1, 1, 43, 'Boa'),
(11, 15, 2, 1, 1, 47, 'Excelente'),
(12, 3, 3, 1, 1, 42, 'Excelente'),
(13, 7, 3, 1, 1, 38, 'Boa'),
(14, 19, 3, 1, 1, 33, 'Regular'),
(15, 25, 3, 1, 1, 29, 'Boa'),
(16, 27, 3, 1, 1, 35, 'Boa'),
(17, 16, 4, 1, 1, 40, 'Excelente'),
(18, 17, 4, 1, 1, 35, 'Boa'),
(19, 18, 4, 1, 1, 45, 'Excelente'),
(20, 7, 5, 1, 1, 43, 'Excelente'),
(21, 11, 5, 1, 1, 38, 'Boa'),
(22, 30, 5, 1, 0, 0, 'Ruim'),
(23, 21, 6, 1, 1, 35, 'Boa'),
(24, 23, 6, 1, 1, 42, 'Excelente'),
(25, 12, 7, 1, 1, 40, 'Excelente'),
(26, 15, 7, 1, 1, 37, 'Boa'),
(27, 17, 8, 1, 1, 28, 'Boa'),
(28, 20, 8, 1, 1, 35, 'Excelente'),
(29, 1, 9, 1, 1, 25, 'Boa'),
(30, 2, 10, 1, 1, 22, 'Boa'),
(31, 3, 11, 1, 1, 18, 'Regular'),
(32, 4, 12, 1, 1, 35, 'Excelente'),
(33, 4, 27, 1, 1, 28, 'Boa'),
(34, 5, 13, 1, 1, 15, 'Boa'),
(35, 5, 14, 1, 1, 18, 'Boa'),
(36, 5, 15, 1, 1, 12, 'Regular'),
(37, 5, 16, 1, 1, 20, 'Excelente'),
(38, 5, 17, 1, 1, 15, 'Boa'),
(39, 6, 18, 1, 1, 25, 'Excelente'),
(40, 7, 19, 1, 1, 22, 'Boa'),
(41, 8, 20, 1, 1, 28, 'Excelente'),
(42, 9, 21, 1, 1, 18, 'Boa'),
(43, 10, 22, 1, 1, 25, 'Excelente'),
(44, 10, 23, 1, 1, 20, 'Boa'),
(45, 11, 24, 1, 1, 22, 'Boa'),
(46, 12, 25, 1, 1, 18, 'Boa'),
(47, 12, 26, 1, 1, 15, 'Regular'),
(48, 24, 28, 1, 1, 30, 'Excelente'),
(49, 24, 29, 1, 1, 25, 'Boa'),
(50, 26, 30, 1, 1, 28, 'Boa'),
(51, 26, 31, 1, 1, 22, 'Boa'),
(52, 29, 32, 1, 1, 20, 'Excelente'),
(53, 29, 33, 1, 1, 15, 'Boa'),
(54, 13, 34, 1, 1, 45, 'Excelente'),
(55, 14, 35, 1, 1, 40, 'Boa'),
(56, 19, 36, 1, 1, 38, 'Excelente'),
(57, 22, 37, 1, 1, 25, 'Regular'),
(58, 25, 38, 1, 1, 30, 'Boa'),
(59, 27, 39, 1, 1, 35, 'Excelente'),
(60, 28, 40, 1, 1, 25, 'Boa');


INSERT INTO episodio_plataforma (id_episodio_plataforma, id_episodio, id_plataforma, url_stream, ouvintes_pico, receita_plataforma, chat_ativo) VALUES
(1, 1, 1, 'https://spotify.com/techtalks/ep1', 2500, 125.50, 1),
(2, 1, 2, 'https://youtube.com/techtalks/ep1', 4200, 378.00, 1),
(3, 1, 3, 'https://podcasts.apple.com/techtalks/ep1', 1800, 90.00, 0),
(4, 2, 1, 'https://spotify.com/techtalks/ep2', 2800, 140.00, 1),
(5, 2, 2, 'https://youtube.com/techtalks/ep2', 4800, 432.00, 1),
(6, 2, 4, 'https://podcasts.google.com/techtalks/ep2', 1200, 36.00, 0),
(7, 3, 1, 'https://spotify.com/techtalks/ep3', 3200, 160.00, 1),
(8, 3, 2, 'https://youtube.com/techtalks/ep3', 5500, 495.00, 1),
(9, 3, 5, 'https://anchor.fm/techtalks/ep3', 800, 16.00, 1),
(10, 4, 1, 'https://spotify.com/techtalks/ep4', 2600, 130.00, 1),
(11, 4, 2, 'https://youtube.com/techtalks/ep4', 4300, 387.00, 1),
(12, 5, 1, 'https://spotify.com/techtalks/ep5', 3500, 175.00, 1),
(13, 5, 2, 'https://youtube.com/techtalks/ep5', 6200, 558.00, 1),
(14, 5, 6, 'https://instagram.com/techtalks/ep5', 1500, 180.00, 1),
(15, 10, 1, 'https://spotify.com/negocios/ep1', 1800, 90.00, 1),
(16, 10, 2, 'https://youtube.com/negocios/ep1', 2200, 198.00, 1),
(17, 11, 1, 'https://spotify.com/negocios/ep2', 1600, 80.00, 1),
(18, 11, 3, 'https://podcasts.apple.com/negocios/ep2', 900, 45.00, 0),
(19, 16, 1, 'https://spotify.com/mentesana/ep1', 1400, 70.00, 1),
(20, 16, 2, 'https://youtube.com/mentesana/ep1', 1800, 162.00, 1),
(21, 20, 1, 'https://spotify.com/mentesana/ep5', 1600, 80.00, 1),
(22, 25, 1, 'https://spotify.com/codecoffee/ep1', 1100, 55.00, 1),
(23, 28, 1, 'https://spotify.com/esportes/ep1', 950, 47.50, 1);


INSERT INTO episodio_topico (id_episodio_topico, id_episodio, id_topico, tempo_inicio_minutos, tempo_fim_minutos, topico_principal) VALUES
(1, 1, 1, 5, 40, 1),
(2, 3, 1, 10, 35, 1),
(3, 4, 1, 8, 45, 1),
(4, 5, 1, 12, 50, 1),
(5, 6, 1, 15, 60, 1),
(6, 8, 1, 20, 55, 1),
(7, 25, 1, 5, 35, 1),
(8, 30, 1, 10, 30, 1),
(9, 2, 2, 15, 70, 1),
(10, 10, 2, 5, 50, 1),
(11, 11, 2, 8, 40, 1),
(12, 12, 2, 10, 60, 1),
(13, 14, 2, 12, 45, 1),
(14, 15, 2, 18, 55, 1),
(15, 16, 3, 5, 45, 1),
(16, 17, 3, 8, 40, 1),
(17, 18, 3, 10, 50, 1),
(18, 19, 3, 12, 45, 1),
(19, 20, 3, 15, 55, 1),
(20, 1, 4, 45, 75, 0),
(21, 6, 4, 25, 80, 0),
(22, 8, 4, 30, 70, 0),
(23, 9, 4, 20, 65, 1),
(24, 22, 4, 15, 45, 0),
(25, 13, 5, 20, 60, 1),
(26, 14, 5, 25, 50, 0),
(27, 30, 5, 35, 50, 0),
(28, 20, 6, 25, 55, 0),
(29, 25, 6, 15, 40, 0),
(30, 26, 6, 20, 45, 0),
(31, 27, 6, 25, 50, 0),
(32, 17, 7, 30, 50, 0),
(33, 22, 7, 35, 55, 0),
(34, 29, 7, 25, 40, 0),
(35, 28, 8, 5, 40, 1),
(36, 29, 8, 8, 35, 1),
(37, 30, 8, 12, 45, 1),
(38, 11, 8, 45, 60, 0),
(39, 28, 9, 25, 45, 0),
(40, 6, 9, 70, 85, 0),
(41, 3, 2, 45, 70, 0),
(42, 4, 3, 50, 75, 0),
(43, 7, 4, 45, 70, 0),
(44, 12, 6, 50, 70, 0),
(45, 15, 7, 40, 65, 0),
(46, 21, 1, 25, 55, 0),
(47, 23, 1, 30, 60, 0),
(48, 24, 2, 35, 65, 0),
(49, 26, 3, 40, 55, 0),
(50, 27, 4, 45, 60, 0);


INSERT INTO anuncio_episodio (id_anuncio_episodio, id_episodio, id_anuncio, momento_leitura, ouvintes_momento, valor_pago, lido_completo) VALUES
(1, 1, 1, '2023-02-01 14:15:00', 2200, 180.00, 1),
(2, 4, 1, '2023-03-15 14:45:00', 2100, 180.00, 1),
(3, 8, 1, '2023-05-15 15:45:00', 2400, 180.00, 1),
(4, 25, 1, '2023-06-01 08:15:00', 950, 180.00, 1),
(5, 13, 7, '2023-04-20 09:15:00', 1650, 120.00, 1),
(6, 16, 7, '2023-03-25 09:20:00', 1200, 120.00, 1),
(7, 20, 7, '2023-05-25 14:50:00', 1400, 120.00, 1),
(8, 28, 7, '2023-07-05 18:15:00', 850, 120.00, 1),
(9, 2, 2, '2023-02-15 15:45:00', 2600, 220.00, 1),
(10, 6, 2, '2023-04-15 16:50:00', 3200, 220.00, 1),
(11, 10, 2, '2023-03-05 10:25:00', 1600, 220.00, 1),
(12, 3, 3, '2023-03-01 16:20:00', 2800, 190.00, 1),
(13, 7, 3, '2023-05-01 14:25:00', 1800, 190.00, 1),
(14, 5, 4, '2023-04-01 15:35:00', 3200, 150.00, 1),
(15, 12, 4, '2023-04-05 10:50:00', 1500, 150.00, 0),
(16, 9, 5, '2023-06-01 16:25:00', 2100, 240.00, 1),
(17, 21, 5, '2023-04-30 13:35:00', 1200, 240.00, 1),
(18, 11, 6, '2023-03-20 11:50:00', 1400, 200.00, 1),
(19, 24, 6, '2023-06-15 16:25:00', 1100, 200.00, 1),
(20, 14, 8, '2023-05-05 11:35:00', 1350, 140.00, 1),
(21, 23, 8, '2023-05-30 15:25:00', 1050, 140.00, 1),
(22, 15, 9, '2023-05-20 10:40:00', 1500, 110.00, 1),
(23, 17, 10, '2023-04-10 14:25:00', 980, 80.00, 1),
(24, 29, 10, '2023-07-20 19:20:00', 720, 80.00, 1),
(25, 18, 11, '2023-04-25 15:50:00', 1100, 95.00, 1),
(26, 19, 12, '2023-05-10 16:35:00', 950, 85.00, 1),
(27, 30, 12, '2023-08-05 18:50:00', 800, 85.00, 0),
(28, 22, 13, '2023-05-15 14:30:00', 1000, 160.00, 1),
(29, 26, 13, '2023-06-15 08:50:00', 950, 160.00, 1),
(30, 27, 14, '2023-06-30 09:25:00', 1100, 170.00, 1),
(31, 1, 15, '2023-02-01 14:50:00', 2000, 180.00, 1),
(32, 4, 16, '2023-03-15 15:10:00', 1950, 130.00, 1),
(33, 11, 17, '2023-03-20 12:15:00', 1300, 155.00, 1),
(34, 15, 18, '2023-05-20 10:20:00', 1450, 140.00, 1),
(35, 14, 19, '2023-05-05 11:50:00', 1200, 125.00, 1),
(36, 2, 2, '2023-02-15 16:10:00', 2400, 220.00, 1),
(37, 3, 1, '2023-03-01 16:45:00', 2600, 180.00, 1),
(38, 6, 3, '2023-04-15 17:05:00', 3000, 190.00, 1),
(39, 16, 10, '2023-03-25 09:45:00', 1150, 80.00, 1),
(40, 20, 11, '2023-05-25 15:10:00', 1300, 95.00, 1);


INSERT INTO anuncio_episodio (id_anuncio_episodio, id_episodio, id_anuncio, momento_leitura, ouvintes_momento, valor_pago, lido_completo) VALUES
(41, 5, 1, '2023-04-01 15:55:00', 3100, 180.00, 1),
(42, 7, 2, '2023-05-01 14:50:00', 1750, 220.00, 1),
(43, 9, 3, '2023-06-01 16:45:00', 1950, 190.00, 1),
(44, 13, 4, '2023-04-20 09:35:00', 1600, 150.00, 1),
(45, 17, 5, '2023-04-10 14:50:00', 900, 240.00, 1),
(46, 19, 6, '2023-05-10 16:55:00', 850, 200.00, 1),
(47, 22, 1, '2023-05-15 14:50:00', 950, 180.00, 1),
(48, 24, 2, '2023-06-15 16:45:00', 1050, 220.00, 1),
(49, 26, 3, '2023-06-15 09:05:00', 900, 190.00, 1),
(50, 28, 4, '2023-07-05 18:35:00', 800, 150.00, 1);


INSERT INTO anuncio_episodio (id_anuncio_episodio, id_episodio, id_anuncio, momento_leitura, ouvintes_momento, valor_pago, lido_completo) VALUES
(51, 29, 1, '2023-07-20 19:35:00', 650, 180.00, 1),
(52, 30, 2, '2023-08-05 19:05:00', 750, 220.00, 1),
(53, 1, 3, '2023-02-01 15:25:00', 2150, 190.00, 1),
(54, 2, 5, '2023-02-15 16:30:00', 2500, 240.00, 1),
(55, 4, 6, '2023-03-15 15:35:00', 1900, 200.00, 1);


INSERT INTO anuncio_episodio (id_anuncio_episodio, id_episodio, id_anuncio, momento_leitura, ouvintes_momento, valor_pago, lido_completo) VALUES
(56, 8, 5, '2023-05-15 16:10:00', 2200, 240.00, 1),
(57, 10, 6, '2023-03-05 10:55:00', 1550, 200.00, 1),
(58, 12, 1, '2023-04-05 11:15:00', 1400, 180.00, 1),
(59, 16, 2, '2023-03-25 09:55:00', 1100, 220.00, 1),
(60, 18, 3, '2023-04-25 16:25:00', 1050, 190.00, 1);


INSERT INTO anuncio_episodio (id_anuncio_episodio, id_episodio, id_anuncio, momento_leitura, ouvintes_momento, valor_pago, lido_completo) VALUES
(61, 21, 5, '2023-04-30 13:55:00', 1150, 280.00, 1),  
(62, 23, 6, '2023-05-30 15:45:00', 1000, 250.00, 1),  
(63, 25, 1, '2023-06-01 08:35:00', 900, 220.00, 1),   
(64, 27, 2, '2023-06-30 09:45:00', 1050, 280.00, 1),  
(65, 3, 5, '2023-03-01 16:55:00', 2700, 300.00, 1),   
(66, 6, 6, '2023-04-15 17:25:00', 3100, 280.00, 1),   
(67, 11, 1, '2023-03-20 12:35:00', 1300, 250.00, 1),  
(68, 14, 2, '2023-05-05 12:15:00', 1150, 300.00, 1),  
(69, 17, 3, '2023-04-10 15:15:00', 900, 280.00, 1),   
(70, 20, 5, '2023-05-25 15:35:00', 1350, 320.00, 1);  


INSERT INTO anuncio_episodio (id_anuncio_episodio, id_episodio, id_anuncio, momento_leitura, ouvintes_momento, valor_pago, lido_completo) VALUES
(71, 22, 7, '2023-05-15 14:55:00', 950, 180.00, 1),   
(72, 24, 8, '2023-06-15 16:55:00', 1050, 200.00, 1),  
(73, 26, 9, '2023-06-15 09:25:00', 900, 150.00, 1),   
(74, 1, 7, '2023-02-01 15:45:00', 2100, 200.00, 1),   
(75, 3, 8, '2023-03-01 17:15:00', 2650, 250.00, 1),   
(76, 5, 9, '2023-04-01 16:25:00', 3150, 180.00, 1),   
(77, 7, 7, '2023-05-01 15:15:00', 1750, 220.00, 1),   
(78, 9, 8, '2023-06-01 17:15:00', 1950, 280.00, 1),   
(79, 12, 9, '2023-04-05 11:35:00', 1400, 200.00, 1),  
(80, 15, 7, '2023-05-20 10:55:00', 1450, 250.00, 1);  

COMMIT;